label_id,label_name
0,30009
1,30009
2,30002
3,30001
4,30001
5,30001
6,30001
7,30002
8,30001
9,30001
10,30001
11,30008
12,30022
13,30001
14,30001
15,30018
16,30001
17,30022
18,30018
19,30022
20,30008
21,30013
22,30008
23,30013
24,30006
25,30001
26,30021
27,30009
28,30001
29,30008
31,30001
30,30002
32,30008
33,30001
34,30001
35,30009
36,30009
37,30001
38,30001
39,30003
40,30006
41,30001
42,30009
43,30011
44,30002
45,30005
46,30002
47,30001
48,30002
49,30001
50,30003
51,30005
53,30022
54,30001
52,30022
56,30005
57,30001
55,30002
58,30002
59,30005
60,30011
62,30005
61,30001
63,30009
64,30011
65,30003
66,30003
67,30018
68,30022
69,30009
70,30022
73,30006
71,30011
72,30022
74,30006
75,30002
76,30002
77,30005
78,30001
79,30022
80,30001
81,30001
82,30022
83,30005
85,30009
84,30001
86,30001
87,30018
90,30002
88,30012
89,30001
91,30001
92,30022
93,30009
94,30009
95,30002
96,30018
97,30001
100,30003
98,30022
101,30011
99,30011
102,30009
103,30022
104,30002
105,30006
107,30023
106,30006
109,30005
108,30009
111,30009
110,30022
114,30005
113,30005
112,30008
115,30006
117,30001
116,30002
118,30022
119,30011
120,30008
121,30003
123,30008
122,30001
124,30009
126,30020
125,30022
127,30001
131,30006
132,30009
128,30022
129,30022
130,30021
134,30009
133,30001
135,30002
137,30005
136,30001
138,30005
141,30023
140,30018
139,30009
142,30009
143,30022
145,30023
144,30001
146,30001
147,30009
148,30021
149,30011
152,30011
150,30009
151,30022
154,30001
156,30003
155,30005
153,30009
157,30009
158,30006
160,30022
161,30003
159,30009
162,30005
164,30001
163,30002
165,30002
168,30001
166,30022
167,30009
169,30001
170,30018
172,30002
171,30002
173,30008
174,30002
175,30001
177,30002
176,30008
178,30018
181,30003
179,30016
180,30015
182,30022
184,30019
183,30006
185,30009
186,30002
188,30001
187,30006
189,30001
192,30006
191,30023
193,30009
190,30001
194,30021
195,30016
197,30002
196,30002
198,30002
201,30011
202,30003
203,30006
200,30006
199,30021
205,30014
204,30001
209,30006
207,30003
206,30001
208,30005
210,30022
211,30008
212,30005
213,30002
214,30002
216,30003
215,30009
220,30012
218,Bus
222,30003
221,30008
217,30009
219,30009
226,30022
223,30015
230,30009
227,30002
224,30002
225,30001
228,30002
231,30022
232,30002
229,30008
233,30003
235,30002
236,30009
234,30009
238,30020
242,30009
237,30001
247,30023
244,30018
240,30022
241,30009
243,30001
249,30003
246,30001
248,30023
239,30011
252,30016
250,30008
245,30006
254,30009
255,30023
251,30005
253,30021
257,30000
256,30003
258,30009
261,30022
260,30005
259,30020
263,30001
262,30005
266,30002
264,30015
267,30002
265,30001
270,30005
268,30001
269,30006
271,30021
276,30012
273,30022
277,30001
274,30011
275,30006
272,30009
278,30001
279,30006
281,30002
280,30002
282,30004
285,30009
283,30002
284,30006
287,30009
286,30011
288,30006
290,30009
289,30020
291,30005
292,30021
295,30005
294,30006
293,30021
297,30002
296,30015
300,30001
298,30011
299,30023
303,30008
302,30008
304,30011
305,30006
308,30014
313,30001
309,30006
307,30012
301,30009
311,30012
310,30001
312,30022
306,30009
316,30002
314,30018
315,30001
317,30009
318,30009
320,30006
321,30008
322,30006
319,30009
323,30009
324,30001
326,30001
331,30006
325,30001
328,30001
333,30022
329,30022
330,30001
327,30009
334,30008
338,30020
332,30003
337,30009
341,30012
339,30001
335,30009
343,30021
349,30006
336,30009
340,30022
344,30002
348,30001
345,30022
352,30009
356,30020
351,30001
357,30009
350,30022
358,30006
346,30022
347,30005
359,30020
355,30003
354,30001
362,30001
353,30022
342,30016
361,30002
360,30022
364,30019
363,30018
365,30011
368,30008
369,30022
367,30009
366,30011
370,30008
372,30009
371,30011
375,30020
376,30022
374,30011
378,30009
380,30012
379,30001
377,30015
373,30002
385,30002
384,30001
383,30001
388,30005
389,30001
386,30001
382,30021
393,30003
381,30015
390,30011
394,30022
399,30002
392,30011
397,30005
387,30009
396,30023
402,30002
400,30012
398,30022
391,30018
395,30009
401,30021
405,30001
404,30009
406,30008
409,30009
410,30006
407,30009
413,30002
403,30009
408,30022
416,30012
415,30002
411,30005
419,River
422,30011
412,30009
417,30009
420,30012
414,30001
421,30001
424,30006
429,30014
418,30001
425,30011
423,30009
427,30005
431,30009
426,30012
434,30004
428,30011
436,30006
432,30022
435,30021
430,30008
433,30001
441,30021
439,30006
437,30002
443,30022
440,30022
442,30001
438,30009
445,30021
446,30002
448,30022
447,30009
454,30006
444,30008
453,30017
455,30006
449,30009
456,30005
451,30001
452,30022
459,30009
450,30009
458,30002
460,30002
465,30002
457,30002
467,30006
463,30018
462,30008
461,30006
470,30009
464,30002
469,30002
466,30021
468,30020
472,30008
473,30002
471,30013
475,30005
478,30009
474,30002
477,30008
479,30009
476,30001
480,30022
481,30009
485,30011
484,30009
491,30022
488,30006
482,30002
490,30022
496,30006
494,30022
483,30008
486,30009
489,30006
487,30009
492,30001
495,30002
493,30003
507,30005
501,30022
497,30012
499,30020
503,30003
500,30005
498,30005
514,30012
504,30006
502,30005
506,30008
510,30006
505,30005
512,30009
508,30002
511,30005
509,30023
527,30017
526,30008
520,30006
532,30017
515,30022
513,30002
519,30011
517,30009
516,30001
525,30015
518,30011
531,30002
529,30003
524,30006
528,30008
522,30005
523,30022
535,30006
530,30009
537,30022
534,30006
539,30001
536,30018
540,30005
533,30018
521,30003
538,30022
541,30005
547,30011
550,30001
544,30002
546,30009
549,30020
551,30001
554,30006
543,30008
542,30009
548,30003
545,30018
556,30017
562,30009
553,30001
557,30021
560,30008
552,30001
559,30008
563,30002
565,30001
561,30009
558,30001
567,30003
555,30018
576,30008
566,30002
568,30009
569,30020
564,30008
574,30020
573,30002
570,30001
579,30010
582,30009
581,Monster
578,30001
575,30006
580,30012
572,30008
577,30009
571,30023
594,30001
584,30006
590,30006
585,30001
586,30009
587,30009
588,30006
583,30020
589,30009
596,30009
591,30009
592,30001
598,30014
593,30021
595,30001
601,30005
597,30001
599,30001
606,30005
603,30005
609,30009
600,30001
604,30008
605,30008
614,30012
602,30005
610,30021
608,30002
615,30009
611,30009
612,30001
613,30006
617,30006
616,30005
618,30001
620,30012
607,30009
624,30008
627,30003
622,30009
630,30001
621,30009
625,30008
631,30005
623,30001
619,30005
629,30006
626,30009
638,30001
636,30021
653,30001
633,30009
632,30002
640,30013
628,30006
634,30011
644,30001
641,30012
645,30001
642,30020
646,30012
652,30012
639,30022
647,30001
637,30008
661,30003
643,30009
635,30020
654,30009
651,30006
658,30006
648,30021
649,30009
663,Vampire
668,30018
657,30009
650,30001
655,30001
660,30001
664,30011
674,30020
656,30002
666,30020
662,30001
671,30001
659,30022
670,30009
681,30006
683,30008
672,30001
675,30001
669,30020
676,30006
665,30009
677,30009
667,30016
682,30001
691,30002
685,30022
678,30009
673,30011
688,30021
702,30002
684,30013
679,30008
694,30001
687,30001
686,30018
689,30022
680,30008
693,30011
699,30018
703,30006
708,30018
695,30009
700,30020
697,30006
696,30022
698,30003
690,30008
707,30001
701,30005
704,30020
692,30008
705,30022
706,30002
712,30006
711,30002
719,30006
709,30018
710,30002
726,30001
713,30008
721,30005
720,30005
715,30002
717,30020
714,30009
730,30007
728,30008
729,30011
723,30020
716,30011
722,30006
731,30009
718,30013
732,30011
724,30002
736,30006
739,30006
725,30001
742,30002
741,30001
727,30003
735,30001
753,30009
737,30009
740,30009
750,30005
744,30009
743,30009
748,30005
734,30001
738,30009
747,30008
733,30009
745,30005
746,30011
751,30005
749,30008
759,30009
752,30008
754,30001
760,30022
763,30003
762,30006
756,30002
758,30013
755,30001
766,30021
773,30020
765,30009
764,Mermaid
757,30002
761,30009
780,30005
767,30008
769,30018
771,30008
782,30021
786,30006
779,30009
768,30009
770,30005
777,30009
785,30005
776,30006
781,30003
787,30001
778,30005
783,30012
774,30009
784,30009
792,30002
791,30012
795,30009
788,30022
805,30018
772,30009
775,30013
802,30022
801,30001
793,30002
790,30001
796,30018
794,30023
800,30002
804,30005
803,30005
809,30006
798,30005
797,30018
807,30001
806,30014
814,30008
799,30009
813,30008
789,30005
808,30021
818,30012
816,30004
815,30009
810,30002
817,30008
811,30022
820,30005
826,30009
829,30008
824,30007
828,30009
821,30012
825,30011
819,30009
822,30009
835,30003
833,30001
831,30009
843,30001
823,30008
827,30021
842,30001
830,30002
840,30001
832,30021
837,30022
852,30005
844,30001
841,30002
812,30001
836,30009
851,30009
868,30009
849,30021
847,30001
850,30003
862,30018
869,30005
860,30001
856,30009
839,30021
838,30006
845,30009
834,30001
870,30001
848,30005
846,30022
858,30006
865,30009
866,30020
854,30023
863,30009
880,30006
853,30009
876,30012
857,30014
872,30009
859,30006
877,30008
873,30011
874,30022
881,30009
871,30005
855,30001
879,30005
875,30012
861,Museum
867,30005
892,30008
889,30001
898,30011
888,30022
884,30022
864,30001
886,30010
887,30006
891,30002
906,30011
900,30021
893,30009
882,30001
878,30002
890,30009
885,30015
883,30008
901,30011
899,30005
903,30008
908,30002
902,30002
907,30022
895,30007
919,30001
896,30009
930,30008
897,30001
912,30005
914,30006
904,30009
917,30001
894,30001
910,30001
926,30009
905,30002
943,30006
928,30006
939,30016
909,30021
934,30009
933,30003
932,30021
921,30001
916,30009
922,30001
924,30009
913,30003
923,30002
929,30009
931,30003
911,30011
937,30006
918,30022
935,30009
955,30002
938,30009
915,30009
920,30009
944,30011
936,30009
963,30009
952,30012
941,30009
951,30009
945,30022
948,30022
946,30020
961,30009
970,30001
974,30006
927,30003
978,30020
958,30011
925,30001
960,30009
969,30008
979,30002
942,30002
965,30002
975,30002
950,30003
949,30009
982,30005
966,30012
940,30002
953,30017
947,30001
959,30009
973,30001
962,30005
977,30001
956,30001
972,30006
957,30002
997,30013
984,30011
983,30020
967,30009
964,30018
988,30002
1007,30011
971,30006
981,30018
968,30009
954,30001
993,30005
991,30008
996,30008
1005,30002
1015,30005
1009,30020
995,30011
986,30001
1000,30002
985,30023
980,30022
987,30001
1016,30008
1011,30008
976,30009
999,30011
1002,30020
994,30005
1006,30009
1033,30006
1050,30011
1013,30019
1010,30006
998,30003
1004,30009
1003,30023
992,30012
1022,30009
1026,30009
1021,30009
989,30009
1008,30001
1018,30009
1036,30001
1024,30001
1025,30005
1029,30002
1012,30002
1020,30001
1017,30012
990,30018
1037,30021
1040,30002
1039,30009
1031,30002
1019,30017
1052,30005
1028,30022
1001,30001
1055,30011
1065,30001
1048,30018
1032,30011
1069,30010
1058,30001
1014,30020
1023,30001
1054,30009
1030,30001
1042,30005
1061,30020
1051,30001
1035,30002
1034,30008
1041,30009
1053,30022
1045,30008
1046,30015
1067,30011
1027,30001
1060,30005
1049,30012
1062,30021
1056,30022
1074,30020
1066,30006
1044,30020
1038,30002
1073,30022
1077,30005
1043,30002
1068,30011
1070,30001
1064,Alphabet
1057,30005
1072,30003
1081,30008
1079,30005
1059,30006
1063,30009
1071,30009
1104,30003
1083,30002
1089,30002
1078,30011
1091,30006
1075,30001
1085,30006
1080,30001
1087,30002
1084,30009
1099,30012
1082,30001
1088,30000
1076,30018
1086,30003
1047,30009
1092,30009
1109,30001
1098,30018
1112,30005
1110,30009
1094,30013
1111,30009
1095,30010
1113,30009
1097,30009
1096,30008
1101,30015
1107,30008
1090,30020
1105,30021
1100,30001
1117,30021
1093,30011
1106,30002
1122,30018
1119,30001
1116,30009
1103,30003
1128,30005
1120,30020
1126,30008
1102,30018
1108,30001
1114,30009
1115,30008
1140,30001
1124,30002
1130,30009
1129,30001
1141,30009
1125,30017
1118,Map
1123,30012
1131,30006
1136,30008
1144,30002
1149,30009
1135,30009
1121,30020
1137,30022
1127,30001
1132,30001
1133,30001
1157,30008
1146,30001
1134,30005
1143,30001
1139,30022
1159,30003
1153,30021
1164,30005
1138,30012
1151,30017
1155,30002
1142,30002
1145,30008
1150,30009
1154,30005
1148,30005
1161,30005
1169,30009
1165,30008
1147,30022
1162,30005
1152,30012
1193,30009
1174,30005
1160,30006
1185,30009
1158,30002
1163,30008
1178,30002
1182,30009
1166,30002
1173,30022
1176,30009
1184,30001
1190,30001
1198,30009
1175,30009
1167,30002
1156,30008
1180,30006
1171,30005
1179,30002
1170,30009
1172,30001
1181,30009
1186,30008
1188,30020
1201,30008
1177,30001
1208,30015
1183,30018
1189,30008
1192,30002
1209,30008
1214,30002
1215,30009
1197,30002
1168,30008
1202,30002
1211,30006
1205,30002
1196,30001
1194,30016
1203,30003
1200,30005
1238,30023
1191,30001
1199,30001
1219,30002
1217,30002
1228,30009
1187,30021
1232,30009
1204,30009
1206,30018
1210,30012
1239,30009
1241,30012
1221,30003
1218,30001
1223,30003
1236,30001
1212,30003
1237,30021
1207,30009
1220,30009
1231,30009
1195,30011
1216,30006
1233,30022
1213,30001
1230,30009
1247,30018
1234,30022
1240,30002
1257,30008
1224,30022
1229,30009
1243,30005
1255,30013
1259,30001
1226,City
1242,30015
1282,30002
1222,30006
1254,30008
1227,30021
1235,30006
1244,30009
1269,30006
1258,30009
1290,30011
1278,30001
1263,30018
1275,30002
1249,30009
1305,30005
1270,30009
1256,30006
1262,30006
1250,30009
1267,30005
1252,30002
1248,30021
1272,30022
1246,30006
1225,30018
1245,30014
1294,30009
1277,30005
1273,30021
1298,30002
1281,30022
1288,30015
1268,30009
1279,30009
1271,30002
1274,30006
1265,30012
1286,30021
1260,30018
1297,30000
1266,30002
1296,30006
1280,30015
1309,30004
1285,30006
1293,30022
1276,30001
1287,30018
1292,30022
1289,30011
1304,30009
1261,30008
1284,30009
1264,30011
1301,30009
1251,30009
1295,30001
1299,30005
1291,30008
1320,30011
1283,30021
1328,30022
1253,30014
1311,30005
1303,30006
1330,30002
1315,30009
1300,30012
1333,30023
1307,30002
1337,30001
1313,30021
1323,30009
1325,30006
1338,30001
1334,30020
1316,30002
1319,30009
1312,30001
1306,30006
1314,30002
1327,30009
1340,30009
1317,30022
1310,30002
1318,30006
1329,30006
1322,30009
1324,30002
1354,30001
1339,30002
1331,30009
1369,30009
1343,30001
1346,30012
1326,30009
1342,30020
1352,30002
1335,30009
1321,30013
1377,30009
1358,30009
1336,30009
1376,30022
1344,30009
1366,30008
1308,30018
1302,30006
1341,30009
1347,30009
1345,30006
1355,30009
1356,30008
1351,30001
1348,30022
1364,30009
1363,30020
1386,30002
1383,30002
1372,30002
1332,30017
1367,30001
1400,30021
1382,30002
1357,30017
1375,30006
1392,30011
1380,30022
1371,30002
1349,30009
1393,30011
1389,30011
1353,30018
1361,30009
1387,30011
1374,30001
1398,30006
1378,30011
1379,30008
1381,30002
1359,30015
1360,30018
1396,30011
1399,30002
1385,30000
1404,30009
1365,30011
1370,30009
1424,30011
1373,30002
1388,30001
1403,30009
1410,30008
1362,30001
1384,30009
1411,30008
1401,30009
1397,30002
1395,30001
1405,30009
1412,30002
1394,30002
1368,30002
1417,30022
1418,30009
1423,30022
1391,30002
1435,30002
1390,30009
1406,30009
1409,30023
1443,30012
1402,30008
1413,30009
1425,30002
1441,30000
1350,30009
1415,30005
1427,30009
1421,30021
1416,30001
1426,30022
1433,30002
1420,30002
1452,30018
1448,30001
1446,30009
1432,30000
1437,30006
1455,30003
1414,30009
1436,30002
1445,30009
1430,30005
1408,30012
1458,30022
1428,30005
1429,30002
1453,30005
1434,30015
1407,30002
1419,30006
1431,30009
1454,30018
1447,30002
1469,30009
1472,30002
1486,30018
1439,30009
1468,30021
1461,30001
1483,30009
1467,30015
1484,30002
1457,Candle
1444,30001
1450,30005
1460,30002
1422,30009
1491,30009
1451,30018
1459,30022
1440,30011
1462,30006
1449,30022
1482,30001
1475,30009
1479,30009
1476,30001
1465,30001
1470,30005
1438,30009
1471,30012
1516,30009
1498,30002
1488,30012
1442,30011
1480,30005
1456,30002
1466,30018
1505,30005
1474,30011
1517,30021
1492,30002
1464,30001
1503,30011
1494,30011
1490,30009
1519,30002
1481,30001
1493,30010
1463,30022
1533,30018
1532,30005
1497,30009
1487,30015
1501,30008
1500,30003
1553,30008
1478,30001
1529,30009
1528,30008
1531,30009
1495,30006
1522,30009
1499,30001
1509,30021
1473,30001
1535,30002
1513,30006
1504,30009
1544,30009
1551,30001
1523,30001
1506,30002
1521,30006
1580,30020
1562,30009
1542,30001
1540,30008
1502,30002
1477,30001
1520,30016
1512,30009
1496,30008
1485,30009
1569,30002
1536,30009
1534,Triangle
1515,30003
1552,30020
1547,30009
1546,30001
1489,30008
1570,30009
1507,30001
1518,30009
1527,30003
1545,30001
1560,30008
1510,30012
1514,30008
1583,30005
1579,30001
1574,30009
1524,30009
1526,30018
1594,30001
1557,30002
1541,30000
1511,30018
1572,30006
1548,30008
1565,30009
1508,30009
1564,30009
1538,30009
1584,30012
1582,30009
1525,30022
1556,30005
1588,30008
1567,30001
1628,30002
1555,30011
1598,30009
1543,30018
1573,30009
1568,30021
1550,30016
1539,30009
1578,30001
1622,30002
1563,30005
1554,30021
1571,30009
1603,30023
1616,30005
1576,30008
1530,30009
1586,30009
1577,30012
1581,30006
1585,30015
1549,30002
1609,30000
1537,30021
1593,30008
1606,30009
1558,30009
1596,30009
1587,30006
1618,30009
1645,30006
1624,30022
1601,30001
1592,30002
1617,30015
1634,30001
1629,30001
1665,30009
1595,30017
1631,30009
1597,30002
1590,30002
1644,30001
1632,30002
1610,30009
1600,30015
1566,30001
1575,30002
1559,30005
1604,30009
1625,30005
1615,30020
1591,30008
1561,30005
1623,30009
1630,30017
1608,30012
1661,Gallon
1605,30009
1614,30009
1702,30022
1621,30002
1589,30001
1646,30018
1643,30008
1652,30003
1627,30018
1607,30006
1611,30011
1626,30011
1613,30005
1639,30020
1655,30003
1620,30003
1602,30002
1612,30001
1663,30011
1651,30005
1653,30006
1669,30002
1673,30005
1638,30001
1650,30001
1599,30009
1667,30004
1696,30011
1654,30009
1633,30001
1636,30009
1648,30006
1619,30005
1649,30006
1635,30000
1640,30001
1675,30008
1660,30012
1683,30002
1658,30020
1666,30020
1642,30009
1671,30008
1703,30002
1684,30008
1716,30017
1637,30021
1672,30008
1676,Calculator
1692,30002
1711,30018
1680,30005
1678,30002
1647,30009
1679,30001
1641,Flag
1729,30006
1677,30009
1688,30015
1708,30002
1704,30002
1690,30001
1664,30006
1674,30018
1718,30006
1699,30001
1659,30009
1723,30002
1709,30002
1756,30003
1745,30005
1668,30006
1706,30001
1700,30001
1662,30021
1691,30009
1715,30001
1657,30002
1682,30009
1733,30018
1728,30006
1734,30009
1722,30009
1698,30000
1697,30001
1694,30006
1670,30002
1712,30021
1765,30005
1685,30018
1724,30002
1735,30009
1717,30009
1714,30018
1730,30006
1747,30002
1736,30001
1763,30021
1656,30012
1686,30009
1710,30000
1701,30009
1737,30022
1720,30009
1705,30013
1693,30008
1707,30005
1713,30006
1689,30002
1748,30009
1753,30008
1739,30005
1721,30001
1725,30008
1749,Samurai
1687,30009
1732,30002
1743,30020
1754,30005
1731,30002
1767,30023
1758,30020
1681,30022
1751,30018
1738,30002
1831,30018
1755,30018
1785,30018
1695,30005
1771,30012
1726,30009
1719,30009
1794,30009
1746,30008
1812,30018
1740,30009
1776,30014
1775,30008
1799,30001
1782,30003
1759,30012
1774,30002
1761,30009
1780,30009
1781,30001
1769,30002
1805,30023
1788,30009
1727,30001
1744,30001
1801,30018
1797,30005
1783,30009
1741,30020
1778,30009
1742,30009
1804,30009
1800,30001
1764,30008
1784,30005
1777,30009
1842,30001
1762,30002
1792,30008
1791,30009
1752,30002
1809,30006
1773,30009
1770,30006
1823,30011
1851,30003
1757,30006
1833,30011
1779,30018
1789,30002
1768,30000
1766,30008
1760,30009
1798,30008
1790,30020
1821,30002
1815,30012
1772,30008
1796,30008
1750,30001
1848,30020
1832,30009
1816,30023
1835,30018
1854,30005
1830,30001
1858,30006
1839,30000
1828,30003
1786,30021
1863,30018
1837,30022
1810,30001
1795,30018
1826,30009
1808,30002
1819,30006
1861,30011
1836,30009
1787,30009
1818,30005
1844,30009
1803,30023
1838,30020
1888,30002
1806,30006
1811,30017
1859,30009
1793,30006
1876,30005
1871,30006
1822,30008
1820,30005
1829,30009
1817,30009
1825,30002
1841,30002
1834,30009
1824,30018
1814,30002
1878,30009
1840,30017
1807,30023
1827,30008
1869,30009
1883,30005
1860,30001
1845,30008
1802,30009
1872,30005
1940,30001
1952,30002
1875,30021
1885,30006
1892,30002
1849,30009
1903,30009
1853,30005
1852,30002
1868,30009
1879,30009
1946,30002
1850,30010
1866,30000
1857,30001
1865,30022
1890,30006
1846,30003
1880,30011
1862,30001
1867,30021
1843,30008
1813,30009
1898,30006
1928,30012
1918,30020
1877,30022
1873,30001
1906,30020
1886,30009
1847,30000
1855,30018
1937,30022
1961,30005
1870,30009
1899,30006
1896,30006
1910,30018
1909,30009
1897,30023
1934,30021
1881,30002
1889,30006
1856,30015
1927,30012
1949,30022
1887,30009
1942,30008
1945,30014
1912,30001
1900,30020
1943,30008
1962,30002
1932,30016
1884,30002
1921,30023
1929,30009
1864,30009
1954,30018
1955,30009
1944,30021
1913,30002
1926,30012
1957,30009
1901,30009
1882,30008
1894,30002
1925,30005
1959,30002
1874,30006
1968,30000
1936,30017
1920,30005
1933,30022
1963,30009
1905,30006
1907,30005
1938,30011
1966,30018
1948,Mountain pass
1914,30005
1956,30002
1922,30009
1895,30001
1911,30020
2015,30009
1930,30002
1947,30012
1969,30011
1971,30008
1893,30009
2016,30009
1978,30002
1981,30001
1939,30000
1915,30001
1977,30012
1908,30002
2011,30002
1950,30005
1917,30009
1891,30012
1982,30005
1965,30022
1993,30016
1998,30021
1997,30001
2028,30006
1991,30009
1916,30002
1974,30002
1973,30008
1904,30002
2001,30001
1931,30001
1976,30009
1987,30000
1970,30009
1964,30016
2055,30005
1953,30009
1972,30006
1989,30009
1923,30002
1979,30009
2005,30009
1958,30006
1902,30009
2035,30006
1941,30009
2012,30005
1995,30002
1919,30022
2032,30017
2026,30018
2031,30008
2039,30012
2052,30001
1996,30001
1983,30006
1924,30009
2107,30022
1990,30000
1967,30001
1980,30006
1951,30001
2021,30001
1935,30000
1988,30006
1975,30011
2009,30009
2000,30005
1960,30001
2036,30002
2053,30018
2022,30009
2017,30009
2003,30009
1999,30002
2023,30005
2018,30002
2047,30006
2019,30006
2034,30008
2043,30009
2123,30009
2056,30001
2079,30001
2010,30001
2006,30002
1984,30009
2025,30006
2041,30009
1992,30009
2014,30006
1994,30008
2029,30009
1985,30009
2105,30019
2089,30000
2042,30001
2060,30009
2070,30009
2046,30005
2037,30009
2044,30005
2061,30009
2013,30017
2057,30008
2054,30008
2004,30008
2033,30001
2127,30002
2074,30002
2038,30005
2103,30001
1986,30008
2100,30006
2007,30008
2091,30005
2066,30008
2062,30009
2072,30009
2125,30002
2098,30001
2097,30005
2086,30006
2141,30001
2058,30006
2112,30006
2008,30001
2126,30005
2030,30001
2083,30020
2092,30005
2065,30012
2045,30002
2136,30009
2138,30004
2040,30000
2069,30008
2115,30022
2049,30006
2150,30009
2078,30009
2131,30008
2027,30001
2095,30009
2135,30012
2142,30018
2059,30002
2076,30012
2132,30002
2075,30002
2002,30016
2084,30002
2071,30005
2101,30002
2050,30001
2124,30001
2090,30022
2099,30006
2122,30011
2119,30011
2118,30021
2110,30009
2121,30001
2087,30008
2024,30005
2067,30002
2180,30014
2096,30001
2114,30002
2048,30018
2051,30008
2102,30003
2108,30008
2120,30009
2159,30005
2020,30006
2128,30001
2143,30001
2093,Highway
2113,30012
2158,30002
2140,30002
2148,30001
2109,30022
2063,30001
2149,30005
2073,30002
2104,30006
2085,30005
2156,30002
2152,30008
2187,30001
2129,30009
2160,30008
2139,Library
2064,30006
2174,30001
2080,30002
2162,30009
2117,30022
2134,30011
2165,30009
2088,30018
2106,30018
2151,30001
2116,30002
2178,30008
2153,30018
2077,30002
2111,30009
2189,30021
2130,30005
2188,30006
2238,30006
2173,30020
2176,Villain
2195,30002
2094,30008
2175,30001
2191,30001
2081,30001
2157,30000
2147,30009
2144,30001
2154,30008
2177,30012
2082,30018
2169,30006
2146,30009
2206,30008
2266,30018
2172,30005
2270,30002
2137,30006
2185,30008
2133,30000
2167,30009
2197,30023
2209,30006
2226,30009
2168,30020
2204,30020
2068,30001
2257,30005
2200,30009
2214,30017
2184,30008
2166,30001
2164,30009
2230,30005
2163,30009
2263,30006
2222,30020
2161,30005
2194,30018
2190,30009
2211,30020
2155,30010
2216,30008
2208,30001
2170,30006
2289,30020
2179,30009
2171,30009
2215,30018
2254,30020
2201,30000
2198,30004
2244,30002
2258,30001
2243,30001
2203,30009
2267,30009
2221,30005
2213,30002
2240,30009
2268,30005
2299,30015
2192,30002
2181,30008
2205,30008
2218,30005
2210,30009
2196,30009
2199,30002
2291,30002
2224,30009
2247,30009
2273,30001
2207,30000
2231,30021
2287,30017
2300,30009
2248,30018
2225,30009
2305,30012
2279,30002
2183,30009
2202,30008
2275,30002
2294,30021
2212,30018
2256,30018
2239,30003
2260,30022
2232,30005
2182,30001
2259,30018
2246,30002
2241,30002
2271,30009
2282,30009
2236,30005
2245,30009
2325,30021
2274,30001
2265,30005
2186,30001
2297,30001
2219,30009
2252,30009
2281,30001
2352,30008
2235,30009
2217,30000
2253,30002
2401,30018
2145,30009
2249,30001
2331,30002
2242,30009
2296,30008
2264,30006
2321,30008
2329,30005
2278,30009
2251,30002
2292,30002
2237,30000
2369,30005
2233,30002
2223,30008
2227,30011
2269,30009
2337,30021
2293,30002
2350,30011
2220,30002
2303,30006
2355,30006
2332,30011
2366,30005
2228,30008
2250,30005
2276,30003
2277,30005
2323,30004
2290,30002
2330,30000
2262,30023
2286,30005
2342,30009
2193,30002
2302,30002
2392,30008
2283,30005
2308,30001
2387,30001
2335,30000
2304,30009
2307,30001
2310,30002
2311,30001
2354,30009
2319,30020
2386,30005
2381,30009
2229,30005
2318,30008
2398,30008
2285,30020
2316,30006
2388,30001
2344,30009
2370,30010
2358,30002
2306,30002
2309,30012
2280,30001
2320,30021
2363,30002
2272,30006
2284,30001
2312,30008
2428,30001
2333,30006
2313,30001
2451,30006
2255,30009
2295,30009
2435,30009
2347,30001
2375,30001
2396,Character (arts)
2288,30009
2424,30001
2418,30020
2368,30011
2317,30009
2353,30005
2385,30003
2334,30006
2365,30006
2336,30004
2343,30006
2261,30001
2315,30008
2357,30009
2438,30020
2340,30000
2372,30004
2327,30003
2298,30018
2376,30018
2349,30009
2382,30009
2389,30012
2390,30022
2328,30001
2301,30006
2314,30000
2393,30021
2454,30006
2322,30001
2404,30011
2373,30003
2371,30002
2348,30001
2361,30012
2439,30023
2234,30009
2324,30009
2405,30005
2399,30001
2406,30001
2383,30009
2364,30018
2362,30005
2464,30009
2452,30006
2378,30009
2422,30015
2379,30000
2367,30002
2515,30001
2432,30009
2403,30001
2466,30002
2415,30007
2462,30012
2447,30012
2414,30006
2360,30009
2377,30009
2410,30000
2411,30009
2412,30009
2391,30002
2476,30005
2446,30012
2440,30008
2413,30020
2425,30018
2326,30009
2457,30000
2459,30021
2374,30023
2444,30018
2394,30005
2397,30002
2467,30006
2346,30018
2408,30002
2356,30009
2345,30009
2431,30023
2338,30009
2420,30001
2384,30022
2448,30008
2436,30008
2341,30022
2423,30003
2520,30004
2496,30009
2400,30003
2475,30009
2442,30001
2511,30009
2416,30009
2443,Treasure
2351,30012
2359,30005
2450,30012
2602,30000
2395,30020
2430,30015
2605,30018
2474,30012
2458,30005
2455,30018
2548,30001
2426,30005
2550,30006
2526,30002
2453,30002
2500,30006
2465,30000
2509,30000
2433,30006
2445,30021
2506,30009
2427,30001
2585,30020
2419,30008
2568,30002
2441,30012
2407,30006
2434,30022
2402,30001
2339,30009
2482,30012
2562,30020
2498,30009
2505,30005
2417,30021
2510,30001
2479,30012
2456,30004
2493,30002
2676,30006
2596,30022
2559,30002
2535,30009
2555,30009
2536,30019
2490,30008
2512,30002
2409,30000
2471,30000
2514,30009
2543,30018
2521,30008
2492,30005
2469,30001
2429,30008
2478,30009
2592,30003
2523,30009
2557,30006
2486,30002
2380,30011
2569,30001
2507,30009
2477,30002
2463,30000
2421,30005
2497,30001
2488,30008
2572,30005
2504,30002
2587,30008
2499,30002
2502,30012
2527,30023
2461,30012
2518,30006
2574,30020
2487,30001
2516,30006
2597,30008
2624,30001
2612,30006
2599,30002
2494,30022
2489,30021
2532,30002
2472,30002
2508,30009
2636,30018
2600,30012
2556,30009
2552,30002
2480,30011
2437,30009
2567,30008
2554,30021
2541,30000
2707,30009
2522,30021
2617,30009
2501,30018
2473,30012
2544,30023
2558,30002
2530,30017
2579,30018
2540,30009
2483,30001
2571,30021
2517,30002
2576,30001
2528,30002
2484,30006
2549,30021
2575,30002
2460,30009
2538,30008
2582,30001
2491,30001
2485,30006
2590,30018
2470,Foam
2578,30017
2639,30005
2561,30008
2481,30008
2581,30002
2545,30008
2593,30017
2449,30008
2613,30002
2607,Circle
2519,30011
2546,30012
2588,30001
2564,30018
2495,30008
2724,30009
2635,30021
2524,30009
2563,30002
2609,30018
2703,30001
2577,30012
2570,30006
2667,30005
2560,30022
2586,30018
2553,30002
2525,30009
2626,30020
2647,30020
2513,30009
2503,30000
2539,30021
2656,30001
2618,30008
2603,30018
2468,30011
2601,30009
2608,30005
2650,30008
2629,30001
2614,30013
2669,30000
2537,30018
2604,30008
2529,30001
2619,30006
2610,30001
2628,30011
2533,30021
2542,30006
2654,30009
2693,30000
2659,30005
2547,30002
2664,30012
2756,30001
2682,30002
2663,30011
2534,30009
2611,30009
2798,30022
2566,30012
2683,30006
2632,30002
2685,30002
2616,30017
2657,30009
2730,30001
2641,30006
2644,30002
2627,30009
2653,30009
2595,Lightning (Final Fantasy)
2615,30006
2642,30000
2772,30002
2631,30012
2696,30011
2677,30012
2713,30009
2652,30008
2671,30001
2719,Village
2698,30009
2621,30009
2668,30002
2598,30006
2634,30016
2551,Hero
2625,30018
2622,30021
2620,30009
2672,30009
2736,30011
2583,30008
2645,30020
2728,30005
2589,30009
2649,30009
2573,30000
2723,30005
2687,30002
2661,30000
2580,30023
2623,30000
2531,30009
2764,Palace
2658,30021
2705,30006
2670,30001
2679,30001
2630,30012
2706,30001
2594,30012
2674,30001
2733,30008
2684,30017
2686,30022
2655,30009
2675,Zeus
2737,30009
2638,30009
2695,30018
2753,30020
2565,30009
2662,30001
2606,30008
2795,30009
2689,30004
2718,30008
2704,30009
2643,30007
2817,30009
2591,30005
2633,30005
2767,30002
2752,30005
2710,30002
2665,30006
2680,30002
2782,30018
2786,30011
2746,30008
2787,30012
2780,30002
2747,30009
2694,30002
2584,30018
2690,30000
2648,30008
2725,30012
2743,30023
2692,30001
2715,30008
2714,30021
2801,30001
2691,30008
2702,30022
2791,30002
2738,30009
2763,30000
2651,30008
2711,30006
2820,30020
2745,30013
2720,30008
2741,30002
2637,30020
2739,30001
2701,30000
2742,30002
2660,30010
2748,30009
2773,30000
2726,30000
2700,30022
2646,30001
2759,30000
2796,30002
2721,30002
2681,30011
2732,30001
2800,30009
2673,30006
2708,30009
2770,30006
2794,30018
2775,30012
2640,30001
2716,30009
2757,30008
2777,30013
2760,30005
2778,30006
2709,30020
2804,Pyramid
2688,30017
2678,30018
2792,30009
2863,30009
2815,Goblin
2722,30002
2781,30021
2797,30008
2768,30009
2808,30002
2813,30009
2832,30018
2805,30005
2806,30018
2758,30011
2807,30006
2836,30000
2765,30009
2697,30002
2858,30020
2932,30005
2851,30009
2861,30002
2751,30005
2731,30009
2769,30009
2729,30002
2835,30006
3028,30001
2699,30001
2823,30009
2712,30009
2740,30002
2810,30002
2799,30000
2789,30017
2856,30006
2785,30018
2774,30000
2790,30012
2666,30009
2755,30001
2825,30002
2829,30009
2802,30002
2881,30002
2890,30002
2766,30009
2744,30020
2875,30018
2888,30021
2872,30007
2882,30018
2857,30020
2852,30009
2920,30000
2783,30006
2853,30001
2821,30002
2850,30001
3001,30012
2869,30009
2847,30001
2878,30002
2902,30002
2864,30008
2779,30002
2917,30006
2754,30009
2735,30020
2860,30001
2953,30005
2734,30008
2811,30009
2910,30012
2837,30002
2749,30009
2762,30009
2845,30009
2814,30002
2826,30009
2833,30015
2784,30002
2978,30009
2931,30002
2809,30002
2771,30018
2776,30012
2874,30023
2812,30018
2891,30001
2819,30009
2750,30005
2942,30000
2827,30009
2788,30000
2717,30009
2905,30002
2830,30001
2849,30006
2909,30017
2842,30001
2893,30009
2761,30001
2945,30008
2831,30008
2923,30009
2866,30013
2876,30005
2897,30006
2967,30004
2867,30008
2877,30009
2900,30009
2848,30022
2873,30006
2885,30002
2838,30008
2793,30013
2895,30022
2727,30002
2846,30005
2854,30003
2922,30009
2865,30009
2803,30006
2969,30005
2901,30008
2974,30009
2925,30009
2824,30022
2834,30002
2924,30011
2963,30006
2899,30008
2816,30002
2828,30006
2844,30009
2822,30009
2894,30008
2935,30003
2954,30008
2971,30001
2880,30005
2818,30009
2951,30017
2911,30015
2841,30011
2946,30008
2886,30009
2914,30001
2988,30000
2981,30005
2870,30001
2904,30008
2957,30005
3003,30009
2934,30006
3021,30001
2962,30006
2889,30009
2862,30006
2859,30002
2936,30002
2990,30009
2898,30009
2989,30009
2966,30008
2943,30000
3002,30009
2892,30013
2855,30001
2843,30002
2979,30001
2982,30001
2980,30002
2949,30018
2952,30008
3013,30013
2915,30006
3037,30002
2868,30022
2884,30018
3006,30012
3060,30008
2903,30005
3014,30009
2938,30008
2944,30022
3011,30000
2950,30009
2839,30000
2840,30009
2908,30009
2976,30002
2986,30006
3017,30020
2930,30001
3147,30002
2991,30009
2926,30022
3016,30006
2916,30020
3052,30005
2940,30009
2941,30000
3030,30001
2992,30001
2871,30002
3026,30000
3045,30000
2879,30006
3092,30020
2933,30001
3070,30008
3061,30005
3007,30002
2997,30012
3004,30022
2948,30022
3066,30002
3043,30006
3100,30008
2887,30001
3018,30005
2960,Unicorn
2975,30009
3027,30002
2912,30009
2937,30001
3140,30003
2987,30001
2896,30001
3104,30002
3047,30006
3127,30005
2907,30001
2973,30001
3024,30002
2996,30001
2955,30002
3085,30021
2883,30005
2970,30020
3121,30006
3055,30001
2906,30000
3029,30002
3008,30001
3031,30006
2928,30009
3064,30000
3076,30009
3171,30020
3168,30001
3068,30000
2919,30009
2983,30009
3040,30020
2956,30008
2985,30018
3041,30006
2921,30000
3057,30005
3012,30001
2939,30009
3023,30001
3042,30017
2965,Merlin
3082,30000
3033,30005
2995,30009
3050,30015
3077,30021
3032,30009
3095,30009
3091,30009
3015,30009
3103,30001
3141,30008
2999,30000
3044,30002
2929,30001
3049,30006
3101,30001
3086,30009
3153,30001
3089,30008
2918,30012
3133,Oni
3233,30000
2977,30001
2927,30020
3071,30002
3065,30009
3022,30008
3135,30017
3221,30001
2968,30020
3106,30002
2947,30006
3096,30001
3009,30002
2984,30006
3165,30009
2958,30000
3138,30008
3020,30008
3154,30012
3257,30001
2913,30011
2993,30000
2961,30005
3088,30008
3035,30002
3190,30009
3215,30023
3155,30011
3098,30001
3128,30012
3010,30005
3196,30000
3069,30009
3087,30009
3039,30009
3062,30005
3063,30001
3019,30001
3048,30016
3258,30009
3144,30022
3174,30021
3054,30009
3105,30006
3038,30001
3241,30002
3046,30001
3078,30009
3080,30018
3079,30002
3025,30021
3059,30008
3051,30002
3005,30002
3074,30022
3172,30011
3160,30011
3000,30022
3225,30009
3053,30001
3132,30020
3185,30009
3117,30002
3113,30012
3229,30005
3198,30009
3123,30001
3110,30000
3204,30022
2998,30001
3193,30002
3142,30006
3186,30017
2994,30001
3212,30002
3122,30009
2959,30001
2972,30018
3126,30011
3237,30007
3180,30009
3149,30021
3072,30009
3194,30020
3058,30002
3067,30009
2964,30000
3093,30000
3083,30005
3084,30002
3075,30008
3224,30021
3337,30021
3081,30001
3097,30001
3178,30018
3246,30002
3158,30020
3205,30017
3159,30012
3073,30009
3134,30009
3282,30008
3234,30001
3288,30009
3124,30000
3206,30006
3253,30018
3118,30009
3298,30001
3108,30006
3112,30006
3232,Night
3291,30011
3203,30012
3216,30009
3130,30017
3150,30021
3102,30009
3248,30017
3036,30006
3228,30020
3125,30005
3256,30002
3109,30016
3218,30017
3265,30011
3119,30009
3139,30011
3137,30001
3188,30004
3182,30005
3361,30006
3217,30008
3163,30018
3191,30017
3136,30006
3201,30001
3307,30009
3235,30000
3244,30006
3166,30009
3120,30012
3183,30001
3162,30000
3280,30010
3240,30009
3129,30002
3367,30020
3181,30009
3250,30021
3268,30006
3295,30009
3255,30005
3034,30001
3170,30001
3143,30009
3184,30006
3197,30008
3278,30002
3342,30006
3272,30011
3145,30009
3223,30009
3164,30008
3156,30008
3304,30009
3099,30006
3254,30006
3290,30000
3294,30002
3090,30001
3271,30001
3335,30000
3195,30009
3213,30022
3094,30003
3245,30022
3297,30005
3219,30006
3231,30002
3365,30012
3242,30002
3152,30009
3107,30018
3187,30000
3260,30006
3243,30001
3151,30018
3146,30001
3314,30009
3351,30006
3157,30000
3310,30005
3210,30009
3200,30009
3189,30011
3366,30001
3226,30001
3333,30007
3287,30009
3177,30022
3327,30001
3111,30005
3326,30001
3293,30009
3273,30023
3179,30008
3175,30008
3056,30005
3214,30002
3114,30018
3413,30011
3311,30009
3379,30009
3116,30002
3192,30001
3167,30009
3267,30006
3354,30000
3289,30009
3433,30001
3322,30000
3264,30000
3343,30003
3426,30001
3401,30009
3266,30008
3161,30012
3169,30005
3131,30008
3211,30013
3262,30020
3261,30009
3207,30006
3389,30001
3276,30021
3334,30001
3222,30002
3148,30006
3292,30002
3252,30002
3305,30021
3306,30020
3368,30002
3220,30018
3341,30001
3269,30001
3324,30001
3284,30002
3279,30002
3247,30008
3286,30012
3336,30001
3347,30002
3362,30005
3296,30009
3202,30001
3308,30009
3357,30006
3417,30008
3579,30000
3348,30002
3239,30013
3208,30008
3431,30004
3376,30009
3353,30023
3176,30006
3236,30009
3251,30000
3388,30001
3429,30004
3316,30009
3428,30009
3378,30020
3478,30002
3315,30001
3313,30000
3301,30000
3249,30002
3465,30020
3380,30008
3270,30009
3328,30005
3299,30009
3345,30022
3385,30002
3356,30009
3405,30002
3483,30023
3321,30001
3330,30019
3371,30001
3422,30009
3382,30002
3259,30008
3507,30002
3199,30022
3274,30023
3384,30008
3425,30009
3339,30005
3460,30002
3360,30013
3454,30006
3331,30023
3332,30016
3430,30018
3281,30002
3406,30001
3435,30000
3275,30002
3230,30005
3115,30009
3381,30005
3283,30003
3350,30009
3421,30002
3488,30009
3387,30022
3344,30001
3373,30002
3424,30009
3399,30002
3277,30018
3457,30021
3300,30005
3346,30018
3285,30008
3318,30009
3374,30002
3434,30008
3263,30018
3590,30009
3459,30008
3386,30004
3450,30002
3355,30000
3369,30009
3508,30003
3423,30012
3319,30009
3303,30009
3363,30009
3501,30005
3349,30000
3466,30002
3548,30005
3227,30000
3359,30006
3455,30001
3420,30000
3495,30021
3411,30002
3320,30009
3393,30006
3173,30000
3492,30023
3377,30015
3470,30022
3487,30012
3390,30010
3496,30020
3444,30002
3468,30009
3427,30018
3473,30017
3302,30022
3317,30009
3489,30012
3464,30001
3364,30006
3445,30008
3372,30018
3535,30006
3396,30020
3340,30002
3494,30018
3352,30009
3456,30001
3561,30006
3469,30020
3370,30009
3358,30006
3502,30001
3432,30002
3412,30001
3392,30001
3558,30001
3618,30003
3209,30017
3497,30006
3436,30008
3238,30009
3458,30009
3404,30002
3530,30002
3510,30009
3549,30008
3375,30002
3323,30001
3312,30000
3523,30022
3329,30000
3325,30002
3398,30000
3513,30006
3474,30002
3416,30020
3437,30001
3410,30005
3518,30009
3391,30012
3480,30022
3568,30001
3407,30010
3441,30001
3418,30009
3408,30009
3397,30006
3556,30011
3516,30011
3481,30005
3504,30016
3452,30009
3593,30002
3519,30021
3400,30018
3453,30008
3383,30010
3463,30005
3515,30017
3477,30009
3537,30006
3525,30002
3414,30001
3517,30004
3642,30000
3451,30009
3491,30009
3552,30001
3570,30001
3440,30002
3622,30009
3505,30002
3403,30008
3597,30000
3402,30000
3471,30021
3509,30002
3578,30002
3439,30009
3475,30017
3686,30001
3571,30000
3512,30001
3395,30011
3527,30021
3560,30001
3576,30008
3565,30013
3309,30001
3599,30011
3484,30008
3514,30008
3493,30021
3485,30012
3461,30005
3534,30022
3538,30006
3555,30005
3467,30018
3446,30020
3693,30006
3583,30011
3503,30022
3499,30006
3625,30001
3546,30017
3415,30009
3582,30001
3442,30018
3490,30002
3544,30009
3661,30009
3629,30009
3448,30005
3586,30002
3545,30002
3498,30007
3543,30002
3479,30001
3528,30002
3472,30001
3539,30018
3584,30008
3511,30009
3529,30022
3443,30008
3591,30000
3610,30002
3540,30003
3705,30021
3449,30021
3550,30003
3611,30017
3604,30001
3520,Morgan le Fay
3630,30006
3533,30009
3587,30021
3522,30006
3563,30001
3752,30008
3541,30003
3542,30002
3608,30008
3338,30001
3605,30005
3500,30001
3482,30001
3438,30003
3714,30008
3729,Gladiator
3577,30009
3598,30023
3644,30009
3606,30008
3521,30005
3562,30009
3419,30002
3409,30014
3524,Yeti
3532,30008
3662,30006
3614,30006
3668,30002
3531,30002
3486,30012
3652,30001
3536,30020
3447,30021
3654,30021
3566,30012
3580,30009
3621,30007
3624,30002
3615,30001
3564,30009
3663,30006
3680,30009
3607,30002
3682,30002
3672,30022
3616,30005
3623,30009
3639,30009
3476,30002
3594,30000
3692,30000
3547,30005
3626,30009
3645,30009
3770,30009
3572,Calendar
3613,30009
3708,30005
3569,30004
3657,30002
3658,30000
3631,30002
3609,30001
3675,30008
3462,30009
3678,30020
3581,30000
3717,30001
3736,30009
3589,30009
3694,30009
3635,30003
3559,30011
3603,30022
3640,30009
3699,30006
3683,30009
3684,30001
3655,30008
3574,30002
3575,30000
3643,30000
3585,30005
3526,30006
3554,30002
3673,30009
3595,30008
3617,30008
3619,30002
3653,30009
3670,30012
3820,30013
3749,30002
3695,30003
3600,30023
3620,30022
3766,30009
3567,30006
3601,30002
3722,30001
3685,30000
3767,30003
3796,30006
3740,30011
3703,30011
3641,30009
3803,30009
3710,30006
3551,30009
3632,30005
3646,Venus
3506,30008
3633,30005
3859,30009
3839,30005
3732,30006
3745,30020
3669,30006
3651,30005
3636,30023
3700,Cannon
3713,30008
3734,30009
3797,30009
3681,30000
3785,30006
3848,30009
3704,30018
3776,30022
3634,30016
3687,30000
3762,30001
3553,30022
3860,30000
3772,30008
3790,30000
3592,30012
3706,30009
3728,30002
3688,30001
3637,30001
3707,30006
3818,30000
3751,30002
3724,30000
3781,30006
3656,30009
3665,30002
3760,30006
3721,30006
3671,30011
3809,30000
3612,30006
3716,30006
3696,30002
3804,30002
3768,30000
3775,30000
3764,30006
3676,30020
3763,30022
3800,30000
3647,30002
3735,30008
3627,30021
3747,30002
3782,30020
3730,30002
3739,30009
3783,30008
3715,30001
3774,30009
3638,30001
3660,30009
3689,30002
3573,30009
3742,30001
3602,30002
3741,30001
3808,30001
3795,30000
3691,30011
3833,30001
3725,30002
3771,30008
3648,30001
3761,30009
3743,30000
3793,30023
3758,30022
3720,30021
3815,30000
3394,30009
3831,30012
3727,30012
3754,30022
3726,30005
3649,30009
3650,30021
3596,30001
3832,30020
3709,30009
3849,30001
3731,30002
3757,30001
3827,30009
3723,30000
3733,30009
3659,30001
3588,30008
3628,30000
3822,30017
3817,30009
3784,30006
3744,30002
3679,30009
3787,30000
3690,30021
3756,30001
3746,30006
3748,30008
3738,30015
3697,30011
3755,30008
3840,30011
3698,30001
3834,30001
3557,30009
3712,30009
3674,30009
3819,30006
3821,30021
3664,30009
3799,30009
3750,30009
3835,30001
3851,30001
3845,30003
3791,30001
3814,30009
3719,30000
3702,30015
3826,30000
3711,30009
3858,30002
3836,30001
3773,30000
3823,30011
3813,30009
3830,30001
3852,30006
3855,30002
3798,Weighing scale
3792,30018
3807,30001
3842,30002
3667,30018
3846,30001
3801,30009
3788,30017
3765,30020
3794,30009
3718,30018
3806,30009
3769,30009
3753,30011
3811,30021
3802,30001
3861,30001
3666,30002
3786,30009
3810,30005
3777,30020
3829,30000
3853,30008
3856,30001
3850,30009
3816,30012
3857,30011
3778,30013
3789,30021
3843,30006
3779,30005
3828,30009
3701,30003
3677,30001
3847,30023
3841,30017
3837,30000
3825,30008
3737,30001
3759,30009
3780,30009
3838,30009
3805,30009
3854,30010
3824,30000
3844,30005
3812,30020
